Sat Aug 16 22:01:43 2025,jidfs,12.0
Sat Aug 16 22:03:07 2025,jisdf,12.0
Sat Aug 16 22:03:45 2025,fds,12.0
Sat Aug 16 22:03:59 2025,kofd,43.0
Sat Aug 16 22:04:39 2025,ofkds,21.0
Sat Aug 16 22:04:59 2025,njfds,12.0
Sat Aug 16 22:05:42 2025,fdsjifdfdmkomfd,12.0
Sat Aug 16 22:06:48 2025,jdifs,12.0
Sat Aug 16 22:16:33 2025,sjfdi,12.0
Sat Aug 16 22:16:45 2025,okjfds,12.0
Sat Aug 16 22:18:21 2025,ijsfd,12.0
Sat Aug 16 22:19:22 2025,dfsj,12.0
Sat Aug 16 22:19:45 2025,ijofds,12.0
Sat Aug 16 22:22:12 2025,fdsji,15353.0
